murari.krishnan,0
ajon0002,1
ajon0002,1
ajon0002,1
ajon0002,0
ajon0002,0
ajon0002,0
ajon0002,0
ajon0002,0
ajon0002,0
Vincent,12
Vincent,4
Vincent,2
Vincent,2
Vincent,2
Vincent,2
Vincent,2
Vincent,2
Vincent,1
Vincent,1
Vincent,1
Vincent,1
Vincent,1
Vincent,1
Vincent,1
Vincent,1
Vincent,1
Vincent,1
Vincent,0
Vincent,0
Vincent,0
Vincent,0
Vincent,0
Vincent,0
Vincent,0
Vincent,0
Thomas,50
Thomas,22
Thomas,14
Thomas,12
Thomas,12
Thomas,7
Thomas,6
Thomas,5
Thomas,5
Thomas,5
Thomas,5
Thomas,5
Thomas,4
Thomas,4
Thomas,4
Thomas,3
Thomas,3
Thomas,3
Thomas,3
Thomas,2
Thomas,2
Thomas,2
Thomas,2
Thomas,2
Thomas,2
Thomas,2
Thomas,2
Thomas,2
Thomas,2
Thomas,2
Thomas,2
Thomas,2
Thomas,2
Thomas,1
Thomas,1
Thomas,1
Thomas,1
Thomas,1
Thomas,1
Thomas,1
Thomas,1
Thomas,1
Thomas,1
Thomas,1
Thomas,1
Thomas,1
Thomas,1
Thomas,1
Thomas,1
Thomas,1
Thomas,1
Thomas,1
Thomas,1
Thomas,1
Thomas,1
Thomas,1
Thomas,1
Thomas,1
Thomas,1
Thomas,1
Thomas,1
Thomas,1
Thomas,1
Thomas,1
Thomas,1
Thomas,1
Thomas,1
Thomas,1
Thomas,1
Thomas,1
Thomas,1
Thomas,1
Thomas,1
Thomas,1
Thomas,1
Thomas,1
Thomas,1
Thomas,1
Thomas,1
Thomas,1
Thomas,1
Thomas,1
Thomas,1
Thomas,1
Thomas,1
Thomas,1
Thomas,1
Thomas,1
Thomas,0
Thomas,0
Thomas,0
Thomas,0
Thomas,0
Thomas,0
Thomas,0
Thomas,0
Thomas,0
Thomas,0
Thomas,0
Thomas,0
Thomas,0
Thomas,0
Thomas,0
Thomas,0
Thomas,0
Thomas,0
Thomas,0
Thomas,0
Thomas,0
Thomas,0
Thomas,0
Thomas,0
Thomas,0
Thomas,0
Thomas,0
Thomas,0
Thomas,0
Thomas,0
Thomas,0
Thomas,0
Thomas,0
Thomas,0
Thomas,0
Thomas,0
Thomas,0
Thomas,0
Thomas,0
Thomas,0
Thomas,0
Thomas,0
Thomas,0
Thomas,0
Thomas,0
Thomas,0
Thomas,0
Thomas,0
Thomas,0
Thomas,0
Thomas,0
Thomas,0
Thomas,0
Thomas,0
Thomas,0
Thomas,0
Thomas,0
Thomas,0
Thomas,0
Thomas,0
Thomas,0
Thomas,0
Thomas,0
Thomas,0
Thomas,0
Thomas,0
Thomas,0
Thomas,0
Thomas,0
Thomas,0
Thomas,0
Thomas,0
Thomas,0
Thomas,0
Thomas,0
Thomas,0
Thomas,0
Thomas,0
Thomas,0
Thomas,0
Thomas,0
Thomas,0
Thomas,0
Thomas,0
Thomas,0
Thomas,0
Thomas,0
Thomas,0
Thomas,0
Thomas,0
Thomas,0
Thomas,0
Thomas,0
Thomas,0
Thomas,0
Thomas,0
Thomas,0
Thomas,0
Thomas,0
Thomas,0
Thomas,0
Thomas,0
Thomas,0
Nicky,0
Nicky,0
Nicky,0
Nicky,0
Nicky,0
Jimmy,28
Jimmy,28
Jimmy,28
Jimmy,13
Jimmy,9
Jimmy,5
Jimmy,4
Jimmy,4
Jimmy,4
Jimmy,3
Jimmy,3
Jimmy,3
Jimmy,2
Jimmy,2
Jimmy,2
Jimmy,2
Jimmy,2
Jimmy,2
Jimmy,2
Jimmy,2
Jimmy,2
Jimmy,2
Jimmy,2
Jimmy,2
Jimmy,2
Jimmy,2
Jimmy,2
Jimmy,1
Jimmy,1
Jimmy,1
Jimmy,1
Jimmy,1
Jimmy,1
Jimmy,1
Jimmy,1
Jimmy,1
Jimmy,1
Jimmy,1
Jimmy,1
Jimmy,1
Jimmy,1
Jimmy,1
Jimmy,1
Jimmy,1
Jimmy,1
Jimmy,1
Jimmy,1
Jimmy,1
Jimmy,1
Jimmy,1
Jimmy,1
Jimmy,1
Jimmy,1
Jimmy,1
Jimmy,1
Jimmy,1
Jimmy,1
Jimmy,1
Jimmy,1
Jimmy,1
Jimmy,1
Jimmy,1
Jimmy,1
Jimmy,1
Jimmy,1
Jimmy,1
Jimmy,1
Jimmy,1
Jimmy,1
Jimmy,1
Jimmy,1
Jimmy,1
Jimmy,1
Jimmy,0
Jimmy,0
Jimmy,0
Jimmy,0
Jimmy,0
Jimmy,0
Jimmy,0
Jimmy,0
Jimmy,0
Jimmy,0
Jimmy,0
Jimmy,0
Jimmy,0
Jimmy,0
Jimmy,0
Jimmy,0
Jimmy,0
Jimmy,0
Jimmy,0
Jimmy,0
Jimmy,0
Jimmy,0
Jimmy,0
Jimmy,0
Jimmy,0
Jimmy,0
Jimmy,0
Jimmy,0
Jimmy,0
Jimmy,0
Jimmy,0
Jimmy,0
Jimmy,0
Jimmy,0
Jimmy,0
Jimmy,0
Jimmy,0
Jimmy,0
Jimmy,0
Jimmy,0
Jimmy,0
Jimmy,0
Jimmy,0
Jimmy,0
Jimmy,0
Jimmy,0
Jimmy,0
Jimmy,0
Jimmy,0
Jimmy,0
Jimmy,0
Jimmy,0
Jimmy,0
Jimmy,0
Jimmy,0
Jimmy,0
Jimmy,0
Jimmy,0
Jimmy,0
Jimmy,0
Jimmy,0
Jimmy,0
Jimmy,0
Jimmy,0
Jimmy,0
Jimmy,0
Jimmy,0
Jimmy,0
Jimmy,0
Jimmy,0
Jimmy,0
Jimmy,0
Jimmy,0
Jimmy,0
Jimmy,0
Jimmy,0
Jimmy,0
Jimmy,0
Jimmy,0
Freddie,0
Freddie,0
Freddie,0
Freddie,0
Freddie,0
Freddie,0
Freddie,0
Dave,12
Dave,0
Alan,6
Alan,3
Alan,2
Alan,0
Alan,0
/OU=Domain Control Validated/CN=svn.company.net,0
/OU=Domain Control Validated/CN=svn.company.net,0
/OU=Domain Control Validated/CN=svn.company.net,0
/OU=Domain Control Validated/CN=svn.company.net,0
/OU=Domain Control Validated/CN=svn.company.net,0
/OU=Domain Control Validated/CN=svn.company.net,0
/OU=Domain Control Validated/CN=svn.company.net,0
/OU=Domain Control Validated/CN=svn.company.net,0
/OU=Domain Control Validated/CN=svn.company.net,0
/OU=Domain Control Validated/CN=svn.company.net,0
/OU=Domain Control Validated/CN=svn.company.net,0
/OU=Domain Control Validated/CN=svn.company.net,0
/OU=Domain Control Validated/CN=svn.company.net,0
/OU=Domain Control Validated/CN=svn.company.net,0
/OU=Domain Control Validated/CN=svn.company.net,0
/OU=Domain Control Validated/CN=svn.company.net,0
/OU=Domain Control Validated/CN=svn.company.net,0
/OU=Domain Control Validated/CN=svn.company.net,0
/OU=Domain Control Validated/CN=svn.company.net,0
/OU=Domain Control Validated/CN=svn.company.net,0
/OU=Domain Control Validated/CN=svn.company.net,0
/OU=Domain Control Validated/CN=svn.company.net,0
/OU=Domain Control Validated/CN=svn.company.net,0
/OU=Domain Control Validated/CN=svn.company.net,0
