47,Vincent
47,Vincent
47,Vincent
47,Vincent
47,Vincent
47,Vincent
47,Vincent
47,Vincent
47,Vincent
47,Vincent
47,Vincent
47,Vincent
47,Vincent
47,Vincent
47,Vincent
47,Vincent
47,Thomas
47,Thomas
47,Thomas
47,Thomas
47,Thomas
47,Thomas
47,Thomas
47,Thomas
47,Thomas
47,Thomas
47,Thomas
47,Thomas
47,Thomas
47,Thomas
47,Jimmy
47,/OU=Domain Control Validated/CN=svn.company.net
47,/OU=Domain Control Validated/CN=svn.company.net
46,Vincent
46,Vincent
46,Vincent
46,Thomas
46,Thomas
46,Thomas
46,Thomas
46,Thomas
46,Thomas
46,Thomas
46,Thomas
46,Thomas
46,Thomas
46,Thomas
46,Thomas
46,Thomas
46,Jimmy
46,Jimmy
46,Jimmy
46,Jimmy
46,Jimmy
46,Jimmy
46,Jimmy
46,Jimmy
46,Jimmy
46,Freddie
46,/OU=Domain Control Validated/CN=svn.company.net
46,/OU=Domain Control Validated/CN=svn.company.net
46,/OU=Domain Control Validated/CN=svn.company.net
45,Thomas
45,Thomas
45,Thomas
45,Jimmy
45,Jimmy
45,Jimmy
45,Jimmy
45,Jimmy
45,Jimmy
45,Jimmy
45,Jimmy
45,Dave
44,ajon0002
44,ajon0002
44,ajon0002
44,ajon0002
44,ajon0002
44,ajon0002
44,ajon0002
44,ajon0002
44,ajon0002
44,Vincent
44,Vincent
44,Vincent
44,Vincent
44,Vincent
44,Thomas
44,Thomas
44,Thomas
44,Thomas
44,Jimmy
44,Jimmy
44,Jimmy
44,/OU=Domain Control Validated/CN=svn.company.net
43,Vincent
43,Vincent
43,Thomas
43,Thomas
43,Thomas
43,Thomas
43,Thomas
43,Thomas
43,Thomas
43,Thomas
43,Thomas
43,Thomas
43,Thomas
43,Thomas
43,Thomas
43,Thomas
43,Thomas
43,Thomas
43,Thomas
43,Thomas
43,Thomas
43,Jimmy
43,Jimmy
43,Jimmy
43,Jimmy
43,Jimmy
43,Jimmy
43,Jimmy
43,Jimmy
42,Jimmy
42,Jimmy
42,Jimmy
42,Jimmy
42,Jimmy
42,Jimmy
42,Jimmy
42,Jimmy
42,Jimmy
42,Jimmy
42,Jimmy
42,Jimmy
42,Jimmy
42,Jimmy
42,Jimmy
42,Jimmy
42,Jimmy
42,Jimmy
42,Jimmy
42,Jimmy
41,Thomas
41,Thomas
41,Thomas
41,Thomas
41,Thomas
41,Thomas
41,Jimmy
41,Jimmy
41,Jimmy
41,Jimmy
40,Thomas
40,Thomas
40,Thomas
40,Thomas
40,Thomas
40,Thomas
40,Thomas
40,Thomas
40,Thomas
40,Thomas
40,Thomas
40,Thomas
40,Thomas
40,Thomas
40,Thomas
40,Thomas
40,Thomas
40,Thomas
40,Thomas
40,Thomas
40,Thomas
40,Thomas
40,Thomas
40,Thomas
40,Thomas
40,Thomas
40,Thomas
40,Thomas
40,Jimmy
40,Jimmy
40,Jimmy
40,/OU=Domain Control Validated/CN=svn.company.net
39,Thomas
39,Thomas
39,Thomas
39,Thomas
39,Jimmy
39,Jimmy
39,Jimmy
39,Jimmy
39,Jimmy
39,Jimmy
39,Jimmy
39,Jimmy
39,Jimmy
39,Jimmy
38,Thomas
38,Thomas
38,Jimmy
38,Jimmy
37,Thomas
37,Thomas
37,Thomas
37,Jimmy
37,Jimmy
36,Thomas
36,Thomas
36,Thomas
36,Thomas
36,Thomas
36,Thomas
36,Thomas
36,Thomas
36,Thomas
36,Jimmy
36,Jimmy
36,Jimmy
36,Jimmy
36,Jimmy
36,Freddie
36,Freddie
36,/OU=Domain Control Validated/CN=svn.company.net
36,/OU=Domain Control Validated/CN=svn.company.net
36,/OU=Domain Control Validated/CN=svn.company.net
35,Thomas
35,Thomas
35,Thomas
35,Thomas
35,Thomas
35,Thomas
35,Freddie
35,/OU=Domain Control Validated/CN=svn.company.net
34,murari.krishnan
34,Thomas
34,Thomas
34,Thomas
34,Thomas
34,Nicky
34,Jimmy
34,Freddie
34,Freddie
34,Freddie
34,/OU=Domain Control Validated/CN=svn.company.net
33,Thomas
33,Thomas
33,Thomas
33,Thomas
33,Thomas
33,Thomas
33,Thomas
33,Thomas
33,Thomas
33,Thomas
33,Thomas
33,Jimmy
33,Jimmy
33,Jimmy
33,Jimmy
33,Jimmy
33,Jimmy
33,Jimmy
33,Jimmy
33,/OU=Domain Control Validated/CN=svn.company.net
32,Nicky
32,Jimmy
32,Jimmy
32,Jimmy
32,Jimmy
32,Jimmy
32,Jimmy
32,Jimmy
32,Jimmy
32,Jimmy
32,Jimmy
32,Jimmy
32,Jimmy
32,Jimmy
32,Jimmy
32,Jimmy
32,Jimmy
32,Jimmy
32,Jimmy
32,Jimmy
32,Jimmy
32,/OU=Domain Control Validated/CN=svn.company.net
32,/OU=Domain Control Validated/CN=svn.company.net
32,/OU=Domain Control Validated/CN=svn.company.net
31,Thomas
31,Thomas
31,Thomas
31,Thomas
31,Thomas
31,Thomas
31,Thomas
31,Thomas
31,Thomas
31,Thomas
31,Thomas
31,Thomas
31,Thomas
31,Thomas
31,Thomas
31,Jimmy
31,Jimmy
31,Jimmy
31,Jimmy
31,Jimmy
31,Jimmy
31,Jimmy
31,Jimmy
31,Jimmy
31,Jimmy
31,Jimmy
31,Jimmy
31,/OU=Domain Control Validated/CN=svn.company.net
30,Thomas
30,Thomas
30,Thomas
30,Thomas
30,Thomas
30,Thomas
30,Thomas
30,Thomas
30,Thomas
30,Thomas
30,Thomas
30,Thomas
30,Thomas
30,Thomas
30,Thomas
30,Thomas
30,Thomas
30,Thomas
30,Thomas
30,Thomas
30,Thomas
30,Nicky
30,/OU=Domain Control Validated/CN=svn.company.net
30,/OU=Domain Control Validated/CN=svn.company.net
29,Thomas
29,Thomas
29,Thomas
29,Thomas
29,Thomas
29,Thomas
29,Thomas
29,Thomas
29,Thomas
29,Thomas
29,Thomas
29,Thomas
29,Thomas
29,Thomas
29,Thomas
29,Thomas
29,Thomas
29,Thomas
29,Nicky
29,Jimmy
29,Jimmy
29,Jimmy
29,Jimmy
29,Jimmy
29,Jimmy
29,Dave
29,/OU=Domain Control Validated/CN=svn.company.net
29,/OU=Domain Control Validated/CN=svn.company.net
28,Thomas
28,Thomas
28,Thomas
28,Thomas
28,Thomas
28,Thomas
28,Thomas
28,Thomas
28,Thomas
28,Thomas
28,Thomas
28,Nicky
28,Jimmy
28,Jimmy
28,Jimmy
28,Jimmy
28,Jimmy
28,Jimmy
28,Jimmy
28,Jimmy
28,Jimmy
28,Jimmy
28,Jimmy
28,Jimmy
28,Jimmy
28,Jimmy
28,Jimmy
28,Jimmy
28,Jimmy
28,Jimmy
28,Jimmy
28,Jimmy
28,Jimmy
28,Jimmy
28,Jimmy
28,Jimmy
28,Jimmy
28,Jimmy
28,Jimmy
28,Jimmy
28,Jimmy
28,Jimmy
28,Alan
28,Alan
28,Alan
28,Alan
28,Alan
28,/OU=Domain Control Validated/CN=svn.company.net
28,/OU=Domain Control Validated/CN=svn.company.net
28,/OU=Domain Control Validated/CN=svn.company.net
