murari.krishnan,1
ajon0002,1
ajon0002,1
ajon0002,1
ajon0002,1
ajon0002,1
ajon0002,1
ajon0002,0
ajon0002,0
ajon0002,0
Vincent,5
Vincent,1
Vincent,1
Vincent,1
Vincent,1
Vincent,1
Vincent,1
Vincent,0
Vincent,0
Vincent,0
Vincent,0
Vincent,0
Vincent,0
Vincent,0
Vincent,0
Vincent,0
Vincent,0
Vincent,0
Vincent,0
Vincent,0
Vincent,0
Vincent,0
Vincent,0
Vincent,0
Vincent,0
Vincent,0
Thomas,53
Thomas,44
Thomas,17
Thomas,13
Thomas,10
Thomas,9
Thomas,8
Thomas,7
Thomas,6
Thomas,4
Thomas,3
Thomas,3
Thomas,3
Thomas,3
Thomas,3
Thomas,3
Thomas,3
Thomas,3
Thomas,3
Thomas,2
Thomas,2
Thomas,2
Thomas,2
Thomas,2
Thomas,2
Thomas,2
Thomas,2
Thomas,2
Thomas,1
Thomas,1
Thomas,1
Thomas,1
Thomas,1
Thomas,1
Thomas,1
Thomas,1
Thomas,1
Thomas,1
Thomas,1
Thomas,1
Thomas,1
Thomas,1
Thomas,1
Thomas,1
Thomas,1
Thomas,1
Thomas,1
Thomas,1
Thomas,1
Thomas,1
Thomas,1
Thomas,1
Thomas,1
Thomas,1
Thomas,1
Thomas,1
Thomas,1
Thomas,1
Thomas,1
Thomas,1
Thomas,1
Thomas,1
Thomas,1
Thomas,0
Thomas,0
Thomas,0
Thomas,0
Thomas,0
Thomas,0
Thomas,0
Thomas,0
Thomas,0
Thomas,0
Thomas,0
Thomas,0
Thomas,0
Thomas,0
Thomas,0
Thomas,0
Thomas,0
Thomas,0
Thomas,0
Thomas,0
Thomas,0
Thomas,0
Thomas,0
Thomas,0
Thomas,0
Thomas,0
Thomas,0
Thomas,0
Thomas,0
Thomas,0
Thomas,0
Thomas,0
Thomas,0
Thomas,0
Thomas,0
Thomas,0
Thomas,0
Thomas,0
Thomas,0
Thomas,0
Thomas,0
Thomas,0
Thomas,0
Thomas,0
Thomas,0
Thomas,0
Thomas,0
Thomas,0
Thomas,0
Thomas,0
Thomas,0
Thomas,0
Thomas,0
Thomas,0
Thomas,0
Thomas,0
Thomas,0
Thomas,0
Thomas,0
Thomas,0
Thomas,0
Thomas,0
Thomas,0
Thomas,0
Thomas,0
Thomas,0
Thomas,0
Thomas,0
Thomas,0
Thomas,0
Thomas,0
Thomas,0
Thomas,0
Thomas,0
Thomas,0
Thomas,0
Thomas,0
Thomas,0
Thomas,0
Thomas,0
Thomas,0
Thomas,0
Thomas,0
Thomas,0
Thomas,0
Thomas,0
Thomas,0
Thomas,0
Thomas,0
Thomas,0
Thomas,0
Thomas,0
Thomas,0
Thomas,0
Thomas,0
Thomas,0
Thomas,0
Thomas,0
Thomas,0
Thomas,0
Thomas,0
Thomas,0
Thomas,0
Thomas,0
Thomas,0
Thomas,0
Thomas,0
Thomas,0
Thomas,0
Thomas,0
Thomas,0
Thomas,0
Thomas,0
Thomas,0
Thomas,0
Thomas,0
Thomas,0
Thomas,0
Thomas,0
Thomas,0
Thomas,0
Thomas,0
Thomas,0
Thomas,0
Thomas,0
Thomas,0
Thomas,0
Thomas,0
Nicky,2
Nicky,0
Nicky,0
Nicky,0
Nicky,0
Jimmy,68
Jimmy,19
Jimmy,12
Jimmy,10
Jimmy,9
Jimmy,7
Jimmy,6
Jimmy,6
Jimmy,5
Jimmy,5
Jimmy,5
Jimmy,5
Jimmy,5
Jimmy,5
Jimmy,4
Jimmy,4
Jimmy,4
Jimmy,4
Jimmy,4
Jimmy,3
Jimmy,3
Jimmy,3
Jimmy,3
Jimmy,3
Jimmy,3
Jimmy,2
Jimmy,2
Jimmy,2
Jimmy,2
Jimmy,2
Jimmy,2
Jimmy,2
Jimmy,2
Jimmy,2
Jimmy,2
Jimmy,2
Jimmy,1
Jimmy,1
Jimmy,1
Jimmy,1
Jimmy,1
Jimmy,1
Jimmy,1
Jimmy,1
Jimmy,1
Jimmy,1
Jimmy,1
Jimmy,1
Jimmy,1
Jimmy,1
Jimmy,1
Jimmy,1
Jimmy,1
Jimmy,1
Jimmy,1
Jimmy,1
Jimmy,1
Jimmy,1
Jimmy,1
Jimmy,1
Jimmy,1
Jimmy,1
Jimmy,1
Jimmy,1
Jimmy,1
Jimmy,1
Jimmy,0
Jimmy,0
Jimmy,0
Jimmy,0
Jimmy,0
Jimmy,0
Jimmy,0
Jimmy,0
Jimmy,0
Jimmy,0
Jimmy,0
Jimmy,0
Jimmy,0
Jimmy,0
Jimmy,0
Jimmy,0
Jimmy,0
Jimmy,0
Jimmy,0
Jimmy,0
Jimmy,0
Jimmy,0
Jimmy,0
Jimmy,0
Jimmy,0
Jimmy,0
Jimmy,0
Jimmy,0
Jimmy,0
Jimmy,0
Jimmy,0
Jimmy,0
Jimmy,0
Jimmy,0
Jimmy,0
Jimmy,0
Jimmy,0
Jimmy,0
Jimmy,0
Jimmy,0
Jimmy,0
Jimmy,0
Jimmy,0
Jimmy,0
Jimmy,0
Jimmy,0
Jimmy,0
Jimmy,0
Jimmy,0
Jimmy,0
Jimmy,0
Jimmy,0
Jimmy,0
Jimmy,0
Jimmy,0
Jimmy,0
Jimmy,0
Jimmy,0
Jimmy,0
Jimmy,0
Jimmy,0
Jimmy,0
Jimmy,0
Jimmy,0
Jimmy,0
Jimmy,0
Jimmy,0
Jimmy,0
Jimmy,0
Jimmy,0
Jimmy,0
Jimmy,0
Jimmy,0
Jimmy,0
Jimmy,0
Jimmy,0
Jimmy,0
Jimmy,0
Jimmy,0
Jimmy,0
Jimmy,0
Jimmy,0
Jimmy,0
Jimmy,0
Jimmy,0
Jimmy,0
Freddie,1
Freddie,1
Freddie,1
Freddie,1
Freddie,1
Freddie,0
Freddie,0
Dave,33
Dave,0
Alan,2
Alan,2
Alan,1
Alan,0
Alan,0
/OU=Domain Control Validated/CN=svn.company.net,0
/OU=Domain Control Validated/CN=svn.company.net,0
/OU=Domain Control Validated/CN=svn.company.net,0
/OU=Domain Control Validated/CN=svn.company.net,0
/OU=Domain Control Validated/CN=svn.company.net,0
/OU=Domain Control Validated/CN=svn.company.net,0
/OU=Domain Control Validated/CN=svn.company.net,0
/OU=Domain Control Validated/CN=svn.company.net,0
/OU=Domain Control Validated/CN=svn.company.net,0
/OU=Domain Control Validated/CN=svn.company.net,0
/OU=Domain Control Validated/CN=svn.company.net,0
/OU=Domain Control Validated/CN=svn.company.net,0
/OU=Domain Control Validated/CN=svn.company.net,0
/OU=Domain Control Validated/CN=svn.company.net,0
/OU=Domain Control Validated/CN=svn.company.net,0
/OU=Domain Control Validated/CN=svn.company.net,0
/OU=Domain Control Validated/CN=svn.company.net,0
/OU=Domain Control Validated/CN=svn.company.net,0
/OU=Domain Control Validated/CN=svn.company.net,0
/OU=Domain Control Validated/CN=svn.company.net,0
/OU=Domain Control Validated/CN=svn.company.net,0
/OU=Domain Control Validated/CN=svn.company.net,0
/OU=Domain Control Validated/CN=svn.company.net,0
/OU=Domain Control Validated/CN=svn.company.net,0
